{"v":"4.8.0","meta":{"g":"LottieFiles AE 3.5.1","a":"","k":"","d":"","tc":""},"fr":29.9700012207031,"ip":0,"op":180.00000733155,"w":512,"h":512,"nm":"World","ddd":0,"assets":[],"layers":[{"ddd":0,"ind":2,"ty":4,"nm":"y25","sr":1,"ks":{"o":{"a":0,"k":100,"ix":11},"r":{"a":0,"k":0,"ix":10},"p":{"a":0,"k":[256,256,0],"ix":2},"a":{"a":0,"k":[0,0,0],"ix":1},"s":{"a":0,"k":[100,100,100],"ix":6}},"ao":0,"shapes":[{"ty":"gr","it":[{"ind":0,"ty":"sh","ix":1,"ks":{"a":1,"k":[{"i":{"x":0.667,"y":1},"o":{"x":0.167,"y":0.167},"t":150,"s":[{"i":[[0,-192],[-108.99999999999999,-196],[-201,-22],[-136,185]],"o":[[0,-192],[-184.93099999999998,-65.013],[-178.711,82.794],[260.646,208.859]],"v":[[0,-192],[-164.063,-101.012],[-186.876,44.407],[-3,193]],"c":false}]},{"t":180.00000733155,"s":[{"i":[[-8,-192],[-44,-142],[-67,28],[-33,162]],"o":[[-8,-192],[-68.562,-24.279000000000003],[-47.132999999999996,121.029],[68.439,266.82]],"v":[[-8,-192],[-60.063,-65.012],[-56.876,75.407],[-3,193]],"c":false}]}],"ix":2},"nm":"Path 1","mn":"ADBE Vector Shape - Group","hd":false,"_render":true},{"ty":"st","c":{"a":1,"k":[{"i":{"x":[0.667],"y":[1]},"o":{"x":[0.333],"y":[0]},"t":150,"s":[0,1,0.588235318661,1]},{"t":180.00000733155,"s":[0,0.729411780834,1,1]}],"ix":3},"o":{"a":0,"k":100,"ix":4},"w":{"a":0,"k":32,"ix":5},"lc":1,"lj":1,"ml":4,"bm":0,"nm":"Stroke 1","mn":"ADBE Vector Graphic - Stroke","hd":false,"_render":true},{"ty":"tr","p":{"a":0,"k":[0,0],"ix":2},"a":{"a":0,"k":[0,0],"ix":1},"s":{"a":0,"k":[100,100],"ix":3},"r":{"a":0,"k":0,"ix":6},"o":{"a":0,"k":100,"ix":7},"sk":{"a":0,"k":0,"ix":4},"sa":{"a":0,"k":0,"ix":5},"nm":"Transform","_render":true}],"nm":"Shape 1","np":3,"cix":2,"bm":0,"ix":1,"mn":"ADBE Vector Group","hd":false,"_render":true}],"ip":150.000006109625,"op":181.000007372281,"st":150.000006109625,"bm":0,"completed":true},{"ddd":0,"ind":3,"ty":4,"nm":"y24","sr":1,"ks":{"o":{"a":0,"k":100,"ix":11},"r":{"a":0,"k":0,"ix":10},"p":{"a":0,"k":[256,256,0],"ix":2},"a":{"a":0,"k":[0,0,0],"ix":1},"s":{"a":0,"k":[100,100,100],"ix":6}},"ao":0,"shapes":[{"ty":"gr","it":[{"ind":0,"ty":"sh","ix":1,"ks":{"a":1,"k":[{"i":{"x":0.667,"y":1},"o":{"x":0.167,"y":0.167},"t":150,"s":[{"i":[[-5,-196],[-42.56,-144.038],[-68.22200000000001,25.303999999999995],[-32.894,156.49]],"o":[[-5,-196],[-66.022,-22.933],[-48.474000000000004,115.99799999999999],[132.792,422.094]],"v":[[-5,-196],[-58.1,-63.826],[-56.804,77.74],[-7,198]],"c":false}]},{"t":180.00000733155,"s":[{"i":[[11,-194.5],[47,-141],[68,18.999999999999993],[38.5,144.5]],"o":[[11,-194.5],[66.682,-21.728],[48.221,114.073],[-131.675,418.97900000000004]],"v":[[11,-194.5],[59.9,-62.826],[56.196,75.74],[7.5,194.501]],"c":false}]}],"ix":2},"nm":"Path 1","mn":"ADBE Vector Shape - Group","hd":false,"_render":true},{"ty":"st","c":{"a":1,"k":[{"i":{"x":[0.667],"y":[1]},"o":{"x":[0.333],"y":[0]},"t":150,"s":[0,1,0.588235318661,1]},{"t":180.00000733155,"s":[0,0.729411780834,1,1]}],"ix":3},"o":{"a":0,"k":100,"ix":4},"w":{"a":0,"k":32,"ix":5},"lc":1,"lj":1,"ml":4,"bm":0,"nm":"Stroke 1","mn":"ADBE Vector Graphic - Stroke","hd":false,"_render":true},{"ty":"tr","p":{"a":0,"k":[0,0],"ix":2},"a":{"a":0,"k":[0,0],"ix":1},"s":{"a":0,"k":[100,100],"ix":3},"r":{"a":0,"k":0,"ix":6},"o":{"a":0,"k":100,"ix":7},"sk":{"a":0,"k":0,"ix":4},"sa":{"a":0,"k":0,"ix":5},"nm":"Transform","_render":true}],"nm":"Shape 1","np":3,"cix":2,"bm":0,"ix":1,"mn":"ADBE Vector Group","hd":false,"_render":true}],"ip":150.000006109625,"op":181.000007372281,"st":150.000006109625,"bm":0,"completed":true},{"ddd":0,"ind":4,"ty":4,"nm":"y23","sr":1,"ks":{"o":{"a":0,"k":100,"ix":11},"r":{"a":0,"k":0,"ix":10},"p":{"a":0,"k":[256,256,0],"ix":2},"a":{"a":0,"k":[0,0,0],"ix":1},"s":{"a":0,"k":[100,100,100],"ix":6}},"ao":0,"shapes":[{"ty":"gr","it":[{"ind":0,"ty":"sh","ix":1,"ks":{"a":1,"k":[{"i":{"x":0.667,"y":1},"o":{"x":0.167,"y":0.167},"t":150,"s":[{"i":[[8,-196.5],[46.361999999999995,-146.095],[68.523,23.86],[32.864000000000004,153.612]],"o":[[8,-196.5],[67.438,-24.001000000000005],[47.794999999999995,114.049],[-122.928,423.81399999999996]],"v":[[8,-196.5],[60.489,-64.257],[56.294,77.068],[9,195.001]],"c":false}]},{"t":180.00000733155,"s":[{"i":[[9,-192.5],[124,-187],[198.5,0.5],[117,179]],"o":[[9,-192.5],[196.584,-36.309000000000005],[167.316,109.037],[-252.26999999999998,233.71]],"v":[[9,-192.5],[173.489,-84.257],[177.794,72.568],[9,195.001]],"c":false}]}],"ix":2},"nm":"Path 1","mn":"ADBE Vector Shape - Group","hd":false,"_render":true},{"ty":"st","c":{"a":1,"k":[{"i":{"x":[0.667],"y":[1]},"o":{"x":[0.333],"y":[0]},"t":150,"s":[0,1,0.588235318661,1]},{"t":180.00000733155,"s":[0,0.729411780834,1,1]}],"ix":3},"o":{"a":0,"k":100,"ix":4},"w":{"a":0,"k":32,"ix":5},"lc":1,"lj":1,"ml":4,"bm":0,"nm":"Stroke 1","mn":"ADBE Vector Graphic - Stroke","hd":false,"_render":true},{"ty":"tr","p":{"a":0,"k":[0,0],"ix":2},"a":{"a":0,"k":[0,0],"ix":1},"s":{"a":0,"k":[100,100],"ix":3},"r":{"a":0,"k":0,"ix":6},"o":{"a":0,"k":100,"ix":7},"sk":{"a":0,"k":0,"ix":4},"sa":{"a":0,"k":0,"ix":5},"nm":"Transform","_render":true}],"nm":"Shape 1","np":3,"cix":2,"bm":0,"ix":1,"mn":"ADBE Vector Group","hd":false,"_render":true}],"ip":150.000006109625,"op":181.000007372281,"st":150.000006109625,"bm":0,"completed":true},{"ddd":0,"ind":5,"ty":4,"nm":"y22","sr":1,"ks":{"o":{"a":0,"k":100,"ix":11},"r":{"a":0,"k":0,"ix":10},"p":{"a":0,"k":[256,256,0],"ix":2},"a":{"a":0,"k":[0,0,0],"ix":1},"s":{"a":0,"k":[100,100,100],"ix":6}},"ao":0,"shapes":[{"ty":"gr","it":[{"ind":0,"ty":"sh","ix":1,"ks":{"a":1,"k":[{"i":{"x":0.833,"y":0.833},"o":{"x":0.167,"y":0.167},"t":120,"s":[{"i":[[8,-196.5],[46.361999999999995,-146.095],[68.523,23.86],[32.864000000000004,153.612]],"o":[[8,-196.5],[67.438,-24.001000000000005],[47.794999999999995,114.049],[-122.928,423.81399999999996]],"v":[[8,-196.5],[60.489,-64.257],[56.294,77.068],[9,195.001]],"c":false}]},{"t":150.000006109625,"s":[{"i":[[9,-192.5],[124,-187],[198.5,0.5],[117,179]],"o":[[9,-192.5],[196.584,-36.309000000000005],[167.316,109.037],[-252.26999999999998,233.71]],"v":[[9,-192.5],[173.489,-84.257],[177.794,72.568],[9,195.001]],"c":false}]}],"ix":2},"nm":"Path 1","mn":"ADBE Vector Shape - Group","hd":false,"_render":true},{"ty":"st","c":{"a":1,"k":[{"i":{"x":[0.667],"y":[1]},"o":{"x":[0.333],"y":[0]},"t":120,"s":[0,0.729411780834,1,1]},{"t":150.000006109625,"s":[0,1,0.588235318661,1]}],"ix":3},"o":{"a":0,"k":100,"ix":4},"w":{"a":0,"k":32,"ix":5},"lc":1,"lj":1,"ml":4,"bm":0,"nm":"Stroke 1","mn":"ADBE Vector Graphic - Stroke","hd":false,"_render":true},{"ty":"tr","p":{"a":0,"k":[0,0],"ix":2},"a":{"a":0,"k":[0,0],"ix":1},"s":{"a":0,"k":[100,100],"ix":3},"r":{"a":0,"k":0,"ix":6},"o":{"a":0,"k":100,"ix":7},"sk":{"a":0,"k":0,"ix":4},"sa":{"a":0,"k":0,"ix":5},"nm":"Transform","_render":true}],"nm":"Shape 1","np":3,"cix":2,"bm":0,"ix":1,"mn":"ADBE Vector Group","hd":false,"_render":true}],"ip":120.0000048877,"op":150.000006109625,"st":120.0000048877,"bm":0,"completed":true},{"ddd":0,"ind":6,"ty":4,"nm":"y21","sr":1,"ks":{"o":{"a":0,"k":100,"ix":11},"r":{"a":0,"k":0,"ix":10},"p":{"a":0,"k":[256,256,0],"ix":2},"a":{"a":0,"k":[0,0,0],"ix":1},"s":{"a":0,"k":[100,100,100],"ix":6}},"ao":0,"shapes":[{"ty":"gr","it":[{"ind":0,"ty":"sh","ix":1,"ks":{"a":1,"k":[{"i":{"x":0.833,"y":0.833},"o":{"x":0.167,"y":0.167},"t":120,"s":[{"i":[[-5,-196],[-42.56,-144.038],[-68.22200000000001,25.303999999999995],[-32.894,156.49]],"o":[[-5,-196],[-66.022,-22.933],[-48.474000000000004,115.99799999999999],[132.792,422.094]],"v":[[-5,-196],[-58.1,-63.826],[-56.804,77.74],[-7,198]],"c":false}]},{"t":150.000006109625,"s":[{"i":[[11,-194.5],[47,-141],[68,18.999999999999993],[38.5,144.5]],"o":[[11,-194.5],[66.682,-21.728],[48.221,114.073],[-131.675,418.97900000000004]],"v":[[11,-194.5],[59.9,-62.826],[56.196,75.74],[7.5,194.501]],"c":false}]}],"ix":2},"nm":"Path 1","mn":"ADBE Vector Shape - Group","hd":false,"_render":true},{"ty":"st","c":{"a":1,"k":[{"i":{"x":[0.667],"y":[1]},"o":{"x":[0.333],"y":[0]},"t":120,"s":[0,0.729411780834,1,1]},{"t":150.000006109625,"s":[0,1,0.588235318661,1]}],"ix":3},"o":{"a":0,"k":100,"ix":4},"w":{"a":0,"k":32,"ix":5},"lc":1,"lj":1,"ml":4,"bm":0,"nm":"Stroke 1","mn":"ADBE Vector Graphic - Stroke","hd":false,"_render":true},{"ty":"tr","p":{"a":0,"k":[0,0],"ix":2},"a":{"a":0,"k":[0,0],"ix":1},"s":{"a":0,"k":[100,100],"ix":3},"r":{"a":0,"k":0,"ix":6},"o":{"a":0,"k":100,"ix":7},"sk":{"a":0,"k":0,"ix":4},"sa":{"a":0,"k":0,"ix":5},"nm":"Transform","_render":true}],"nm":"Shape 1","np":3,"cix":2,"bm":0,"ix":1,"mn":"ADBE Vector Group","hd":false,"_render":true}],"ip":120.0000048877,"op":150.000006109625,"st":120.0000048877,"bm":0,"completed":true},{"ddd":0,"ind":7,"ty":4,"nm":"y20","sr":1,"ks":{"o":{"a":0,"k":100,"ix":11},"r":{"a":0,"k":0,"ix":10},"p":{"a":0,"k":[256,256,0],"ix":2},"a":{"a":0,"k":[0,0,0],"ix":1},"s":{"a":0,"k":[100,100,100],"ix":6}},"ao":0,"shapes":[{"ty":"gr","it":[{"ind":0,"ty":"sh","ix":1,"ks":{"a":1,"k":[{"i":{"x":0.833,"y":0.833},"o":{"x":0.167,"y":0.167},"t":120,"s":[{"i":[[0,-192],[-108.99999999999999,-196],[-201,-22],[-136,185]],"o":[[0,-192],[-184.93099999999998,-65.013],[-178.711,82.794],[260.646,208.859]],"v":[[0,-192],[-164.063,-101.012],[-186.876,44.407],[-3,193]],"c":false}]},{"t":150.000006109625,"s":[{"i":[[-8,-192],[-44,-142],[-67,28],[-33,162]],"o":[[-8,-192],[-68.562,-24.279000000000003],[-47.132999999999996,121.029],[68.439,266.82]],"v":[[-8,-192],[-60.063,-65.012],[-56.876,75.407],[-3,193]],"c":false}]}],"ix":2},"nm":"Path 1","mn":"ADBE Vector Shape - Group","hd":false,"_render":true},{"ty":"st","c":{"a":1,"k":[{"i":{"x":[0.667],"y":[1]},"o":{"x":[0.333],"y":[0]},"t":120,"s":[0,0.729411780834,1,1]},{"t":150.000006109625,"s":[0,1,0.588235318661,1]}],"ix":3},"o":{"a":0,"k":100,"ix":4},"w":{"a":0,"k":32,"ix":5},"lc":1,"lj":1,"ml":4,"bm":0,"nm":"Stroke 1","mn":"ADBE Vector Graphic - Stroke","hd":false,"_render":true},{"ty":"tr","p":{"a":0,"k":[0,0],"ix":2},"a":{"a":0,"k":[0,0],"ix":1},"s":{"a":0,"k":[100,100],"ix":3},"r":{"a":0,"k":0,"ix":6},"o":{"a":0,"k":100,"ix":7},"sk":{"a":0,"k":0,"ix":4},"sa":{"a":0,"k":0,"ix":5},"nm":"Transform","_render":true}],"nm":"Shape 1","np":3,"cix":2,"bm":0,"ix":1,"mn":"ADBE Vector Group","hd":false,"_render":true}],"ip":120.0000048877,"op":150.000006109625,"st":121.000004928431,"bm":0,"completed":true},{"ddd":0,"ind":8,"ty":4,"nm":"y19","sr":1,"ks":{"o":{"a":0,"k":100,"ix":11},"r":{"a":0,"k":0,"ix":10},"p":{"a":0,"k":[256,256,0],"ix":2},"a":{"a":0,"k":[0,0,0],"ix":1},"s":{"a":0,"k":[100,100,100],"ix":6}},"ao":0,"shapes":[{"ty":"gr","it":[{"ind":0,"ty":"sh","ix":1,"ks":{"a":1,"k":[{"i":{"x":0.667,"y":1},"o":{"x":0.167,"y":0.167},"t":90,"s":[{"i":[[0,-192],[-108.99999999999999,-196],[-201,-22],[-136,185]],"o":[[0,-192],[-184.93099999999998,-65.013],[-178.711,82.794],[260.646,208.859]],"v":[[0,-192],[-164.063,-101.012],[-186.876,44.407],[-3,193]],"c":false}]},{"t":120.0000048877,"s":[{"i":[[-8,-192],[-44,-142],[-67,28],[-33,162]],"o":[[-8,-192],[-68.562,-24.279000000000003],[-47.132999999999996,121.029],[68.439,266.82]],"v":[[-8,-192],[-60.063,-65.012],[-56.876,75.407],[-3,193]],"c":false}]}],"ix":2},"nm":"Path 1","mn":"ADBE Vector Shape - Group","hd":false,"_render":true},{"ty":"st","c":{"a":1,"k":[{"i":{"x":[0.667],"y":[1]},"o":{"x":[0.333],"y":[0]},"t":90,"s":[0,1,0.588235318661,1]},{"t":120.0000048877,"s":[0,0.729411780834,1,1]}],"ix":3},"o":{"a":0,"k":100,"ix":4},"w":{"a":0,"k":32,"ix":5},"lc":1,"lj":1,"ml":4,"bm":0,"nm":"Stroke 1","mn":"ADBE Vector Graphic - Stroke","hd":false,"_render":true},{"ty":"tr","p":{"a":0,"k":[0,0],"ix":2},"a":{"a":0,"k":[0,0],"ix":1},"s":{"a":0,"k":[100,100],"ix":3},"r":{"a":0,"k":0,"ix":6},"o":{"a":0,"k":100,"ix":7},"sk":{"a":0,"k":0,"ix":4},"sa":{"a":0,"k":0,"ix":5},"nm":"Transform","_render":true}],"nm":"Shape 1","np":3,"cix":2,"bm":0,"ix":1,"mn":"ADBE Vector Group","hd":false,"_render":true}],"ip":90.0000036657751,"op":120.0000048877,"st":90.0000036657751,"bm":0,"completed":true},{"ddd":0,"ind":9,"ty":4,"nm":"y18","sr":1,"ks":{"o":{"a":0,"k":100,"ix":11},"r":{"a":0,"k":0,"ix":10},"p":{"a":0,"k":[256,256,0],"ix":2},"a":{"a":0,"k":[0,0,0],"ix":1},"s":{"a":0,"k":[100,100,100],"ix":6}},"ao":0,"shapes":[{"ty":"gr","it":[{"ind":0,"ty":"sh","ix":1,"ks":{"a":1,"k":[{"i":{"x":0.667,"y":1},"o":{"x":0.167,"y":0.167},"t":90,"s":[{"i":[[-5,-196],[-42.56,-144.038],[-68.22200000000001,25.303999999999995],[-32.894,156.49]],"o":[[-5,-196],[-66.022,-22.933],[-48.474000000000004,115.99799999999999],[132.792,422.094]],"v":[[-5,-196],[-58.1,-63.826],[-56.804,77.74],[-7,198]],"c":false}]},{"t":120.0000048877,"s":[{"i":[[11,-194.5],[47,-141],[68,18.999999999999993],[38.5,144.5]],"o":[[11,-194.5],[66.682,-21.728],[48.221,114.073],[-131.675,418.97900000000004]],"v":[[11,-194.5],[59.9,-62.826],[56.196,75.74],[7.5,194.501]],"c":false}]}],"ix":2},"nm":"Path 1","mn":"ADBE Vector Shape - Group","hd":false,"_render":true},{"ty":"st","c":{"a":1,"k":[{"i":{"x":[0.667],"y":[1]},"o":{"x":[0.333],"y":[0]},"t":90,"s":[0,1,0.588235318661,1]},{"t":120.0000048877,"s":[0,0.729411780834,1,1]}],"ix":3},"o":{"a":0,"k":100,"ix":4},"w":{"a":0,"k":32,"ix":5},"lc":1,"lj":1,"ml":4,"bm":0,"nm":"Stroke 1","mn":"ADBE Vector Graphic - Stroke","hd":false,"_render":true},{"ty":"tr","p":{"a":0,"k":[0,0],"ix":2},"a":{"a":0,"k":[0,0],"ix":1},"s":{"a":0,"k":[100,100],"ix":3},"r":{"a":0,"k":0,"ix":6},"o":{"a":0,"k":100,"ix":7},"sk":{"a":0,"k":0,"ix":4},"sa":{"a":0,"k":0,"ix":5},"nm":"Transform","_render":true}],"nm":"Shape 1","np":3,"cix":2,"bm":0,"ix":1,"mn":"ADBE Vector Group","hd":false,"_render":true}],"ip":90.0000036657751,"op":120.0000048877,"st":90.0000036657751,"bm":0,"completed":true},{"ddd":0,"ind":10,"ty":4,"nm":"y17","sr":1,"ks":{"o":{"a":0,"k":100,"ix":11},"r":{"a":0,"k":0,"ix":10},"p":{"a":0,"k":[256,256,0],"ix":2},"a":{"a":0,"k":[0,0,0],"ix":1},"s":{"a":0,"k":[100,100,100],"ix":6}},"ao":0,"shapes":[{"ty":"gr","it":[{"ind":0,"ty":"sh","ix":1,"ks":{"a":1,"k":[{"i":{"x":0.667,"y":1},"o":{"x":0.167,"y":0.167},"t":90,"s":[{"i":[[8,-196.5],[46.361999999999995,-146.095],[68.523,23.86],[32.864000000000004,153.612]],"o":[[8,-196.5],[67.438,-24.001000000000005],[47.794999999999995,114.049],[-122.928,423.81399999999996]],"v":[[8,-196.5],[60.489,-64.257],[56.294,77.068],[9,195.001]],"c":false}]},{"t":120.0000048877,"s":[{"i":[[9,-192.5],[124,-187],[198.5,0.5],[117,179]],"o":[[9,-192.5],[196.584,-36.309000000000005],[167.316,109.037],[-252.26999999999998,233.71]],"v":[[9,-192.5],[173.489,-84.257],[177.794,72.568],[9,195.001]],"c":false}]}],"ix":2},"nm":"Path 1","mn":"ADBE Vector Shape - Group","hd":false,"_render":true},{"ty":"st","c":{"a":1,"k":[{"i":{"x":[0.667],"y":[1]},"o":{"x":[0.333],"y":[0]},"t":90,"s":[0,1,0.588235318661,1]},{"t":120.0000048877,"s":[0,0.729411780834,1,1]}],"ix":3},"o":{"a":0,"k":100,"ix":4},"w":{"a":0,"k":32,"ix":5},"lc":1,"lj":1,"ml":4,"bm":0,"nm":"Stroke 1","mn":"ADBE Vector Graphic - Stroke","hd":false,"_render":true},{"ty":"tr","p":{"a":0,"k":[0,0],"ix":2},"a":{"a":0,"k":[0,0],"ix":1},"s":{"a":0,"k":[100,100],"ix":3},"r":{"a":0,"k":0,"ix":6},"o":{"a":0,"k":100,"ix":7},"sk":{"a":0,"k":0,"ix":4},"sa":{"a":0,"k":0,"ix":5},"nm":"Transform","_render":true}],"nm":"Shape 1","np":3,"cix":2,"bm":0,"ix":1,"mn":"ADBE Vector Group","hd":false,"_render":true}],"ip":90.0000036657751,"op":120.0000048877,"st":90.0000036657751,"bm":0,"completed":true},{"ddd":0,"ind":11,"ty":4,"nm":"y10","sr":1,"ks":{"o":{"a":0,"k":100,"ix":11},"r":{"a":0,"k":0,"ix":10},"p":{"a":0,"k":[256,256,0],"ix":2},"a":{"a":0,"k":[0,0,0],"ix":1},"s":{"a":0,"k":[100,100,100],"ix":6}},"ao":0,"shapes":[{"ty":"gr","it":[{"ind":0,"ty":"sh","ix":1,"ks":{"a":1,"k":[{"i":{"x":0.833,"y":0.833},"o":{"x":0.167,"y":0.167},"t":60,"s":[{"i":[[8,-196.5],[46.361999999999995,-146.095],[68.523,23.86],[32.864000000000004,153.612]],"o":[[8,-196.5],[67.438,-24.001000000000005],[47.794999999999995,114.049],[-122.928,423.81399999999996]],"v":[[8,-196.5],[60.489,-64.257],[56.294,77.068],[9,195.001]],"c":false}]},{"t":90.0000036657751,"s":[{"i":[[9,-192.5],[124,-187],[198.5,0.5],[117,179]],"o":[[9,-192.5],[196.584,-36.309000000000005],[167.316,109.037],[-252.26999999999998,233.71]],"v":[[9,-192.5],[173.489,-84.257],[177.794,72.568],[9,195.001]],"c":false}]}],"ix":2},"nm":"Path 1","mn":"ADBE Vector Shape - Group","hd":false,"_render":true},{"ty":"st","c":{"a":1,"k":[{"i":{"x":[0.667],"y":[1]},"o":{"x":[0.333],"y":[0]},"t":60,"s":[0,0.729411780834,1,1]},{"t":90.0000036657751,"s":[0,1,0.588235318661,1]}],"ix":3},"o":{"a":0,"k":100,"ix":4},"w":{"a":0,"k":32,"ix":5},"lc":1,"lj":1,"ml":4,"bm":0,"nm":"Stroke 1","mn":"ADBE Vector Graphic - Stroke","hd":false,"_render":true},{"ty":"tr","p":{"a":0,"k":[0,0],"ix":2},"a":{"a":0,"k":[0,0],"ix":1},"s":{"a":0,"k":[100,100],"ix":3},"r":{"a":0,"k":0,"ix":6},"o":{"a":0,"k":100,"ix":7},"sk":{"a":0,"k":0,"ix":4},"sa":{"a":0,"k":0,"ix":5},"nm":"Transform","_render":true}],"nm":"Shape 1","np":3,"cix":2,"bm":0,"ix":1,"mn":"ADBE Vector Group","hd":false,"_render":true}],"ip":60.0000024438501,"op":90.0000036657752,"st":60.0000024438501,"bm":0,"completed":true},{"ddd":0,"ind":12,"ty":4,"nm":"y9","sr":1,"ks":{"o":{"a":0,"k":100,"ix":11},"r":{"a":0,"k":0,"ix":10},"p":{"a":0,"k":[256,256,0],"ix":2},"a":{"a":0,"k":[0,0,0],"ix":1},"s":{"a":0,"k":[100,100,100],"ix":6}},"ao":0,"shapes":[{"ty":"gr","it":[{"ind":0,"ty":"sh","ix":1,"ks":{"a":1,"k":[{"i":{"x":0.833,"y":0.833},"o":{"x":0.167,"y":0.167},"t":60,"s":[{"i":[[-5,-196],[-42.56,-144.038],[-68.22200000000001,25.303999999999995],[-32.894,156.49]],"o":[[-5,-196],[-66.022,-22.933],[-48.474000000000004,115.99799999999999],[132.792,422.094]],"v":[[-5,-196],[-58.1,-63.826],[-56.804,77.74],[-7,198]],"c":false}]},{"t":90.0000036657751,"s":[{"i":[[11,-194.5],[47,-141],[68,18.999999999999993],[38.5,144.5]],"o":[[11,-194.5],[66.682,-21.728],[48.221,114.073],[-131.675,418.97900000000004]],"v":[[11,-194.5],[59.9,-62.826],[56.196,75.74],[7.5,194.501]],"c":false}]}],"ix":2},"nm":"Path 1","mn":"ADBE Vector Shape - Group","hd":false,"_render":true},{"ty":"st","c":{"a":1,"k":[{"i":{"x":[0.667],"y":[1]},"o":{"x":[0.333],"y":[0]},"t":60,"s":[0,0.729411780834,1,1]},{"t":90.0000036657751,"s":[0,1,0.588235318661,1]}],"ix":3},"o":{"a":0,"k":100,"ix":4},"w":{"a":0,"k":32,"ix":5},"lc":1,"lj":1,"ml":4,"bm":0,"nm":"Stroke 1","mn":"ADBE Vector Graphic - Stroke","hd":false,"_render":true},{"ty":"tr","p":{"a":0,"k":[0,0],"ix":2},"a":{"a":0,"k":[0,0],"ix":1},"s":{"a":0,"k":[100,100],"ix":3},"r":{"a":0,"k":0,"ix":6},"o":{"a":0,"k":100,"ix":7},"sk":{"a":0,"k":0,"ix":4},"sa":{"a":0,"k":0,"ix":5},"nm":"Transform","_render":true}],"nm":"Shape 1","np":3,"cix":2,"bm":0,"ix":1,"mn":"ADBE Vector Group","hd":false,"_render":true}],"ip":60.0000024438501,"op":90.0000036657752,"st":60.0000024438501,"bm":0,"completed":true},{"ddd":0,"ind":13,"ty":4,"nm":"y8","sr":1,"ks":{"o":{"a":0,"k":100,"ix":11},"r":{"a":0,"k":0,"ix":10},"p":{"a":0,"k":[256,256,0],"ix":2},"a":{"a":0,"k":[0,0,0],"ix":1},"s":{"a":0,"k":[100,100,100],"ix":6}},"ao":0,"shapes":[{"ty":"gr","it":[{"ind":0,"ty":"sh","ix":1,"ks":{"a":1,"k":[{"i":{"x":0.833,"y":0.833},"o":{"x":0.167,"y":0.167},"t":60,"s":[{"i":[[0,-192],[-108.99999999999999,-196],[-201,-22],[-136,185]],"o":[[0,-192],[-184.93099999999998,-65.013],[-178.711,82.794],[260.646,208.859]],"v":[[0,-192],[-164.063,-101.012],[-186.876,44.407],[-3,193]],"c":false}]},{"t":90.0000036657751,"s":[{"i":[[-8,-192],[-44,-142],[-67,28],[-33,162]],"o":[[-8,-192],[-68.562,-24.279000000000003],[-47.132999999999996,121.029],[68.439,266.82]],"v":[[-8,-192],[-60.063,-65.012],[-56.876,75.407],[-3,193]],"c":false}]}],"ix":2},"nm":"Path 1","mn":"ADBE Vector Shape - Group","hd":false,"_render":true},{"ty":"st","c":{"a":1,"k":[{"i":{"x":[0.667],"y":[1]},"o":{"x":[0.333],"y":[0]},"t":60,"s":[0,0.729411780834,1,1]},{"t":90.0000036657751,"s":[0,1,0.588235318661,1]}],"ix":3},"o":{"a":0,"k":100,"ix":4},"w":{"a":0,"k":32,"ix":5},"lc":1,"lj":1,"ml":4,"bm":0,"nm":"Stroke 1","mn":"ADBE Vector Graphic - Stroke","hd":false,"_render":true},{"ty":"tr","p":{"a":0,"k":[0,0],"ix":2},"a":{"a":0,"k":[0,0],"ix":1},"s":{"a":0,"k":[100,100],"ix":3},"r":{"a":0,"k":0,"ix":6},"o":{"a":0,"k":100,"ix":7},"sk":{"a":0,"k":0,"ix":4},"sa":{"a":0,"k":0,"ix":5},"nm":"Transform","_render":true}],"nm":"Shape 1","np":3,"cix":2,"bm":0,"ix":1,"mn":"ADBE Vector Group","hd":false,"_render":true}],"ip":60.0000024438501,"op":90.0000036657752,"st":61.0000024845809,"bm":0,"completed":true},{"ddd":0,"ind":14,"ty":4,"nm":"y7","sr":1,"ks":{"o":{"a":0,"k":100,"ix":11},"r":{"a":0,"k":0,"ix":10},"p":{"a":0,"k":[256,256,0],"ix":2},"a":{"a":0,"k":[0,0,0],"ix":1},"s":{"a":0,"k":[100,100,100],"ix":6}},"ao":0,"shapes":[{"ty":"gr","it":[{"ind":0,"ty":"sh","ix":1,"ks":{"a":1,"k":[{"i":{"x":0.667,"y":1},"o":{"x":0.167,"y":0.167},"t":30,"s":[{"i":[[0,-192],[-108.99999999999999,-196],[-201,-22],[-136,185]],"o":[[0,-192],[-184.93099999999998,-65.013],[-178.711,82.794],[260.646,208.859]],"v":[[0,-192],[-164.063,-101.012],[-186.876,44.407],[-3,193]],"c":false}]},{"t":60.0000024438501,"s":[{"i":[[-8,-192],[-44,-142],[-67,28],[-33,162]],"o":[[-8,-192],[-68.562,-24.279000000000003],[-47.132999999999996,121.029],[68.439,266.82]],"v":[[-8,-192],[-60.063,-65.012],[-56.876,75.407],[-3,193]],"c":false}]}],"ix":2},"nm":"Path 1","mn":"ADBE Vector Shape - Group","hd":false,"_render":true},{"ty":"st","c":{"a":1,"k":[{"i":{"x":[0.667],"y":[1]},"o":{"x":[0.333],"y":[0]},"t":30,"s":[0,1,0.588235318661,1]},{"t":60.0000024438501,"s":[0,0.729411780834,1,1]}],"ix":3},"o":{"a":0,"k":100,"ix":4},"w":{"a":0,"k":32,"ix":5},"lc":1,"lj":1,"ml":4,"bm":0,"nm":"Stroke 1","mn":"ADBE Vector Graphic - Stroke","hd":false,"_render":true},{"ty":"tr","p":{"a":0,"k":[0,0],"ix":2},"a":{"a":0,"k":[0,0],"ix":1},"s":{"a":0,"k":[100,100],"ix":3},"r":{"a":0,"k":0,"ix":6},"o":{"a":0,"k":100,"ix":7},"sk":{"a":0,"k":0,"ix":4},"sa":{"a":0,"k":0,"ix":5},"nm":"Transform","_render":true}],"nm":"Shape 1","np":3,"cix":2,"bm":0,"ix":1,"mn":"ADBE Vector Group","hd":false,"_render":true}],"ip":30.0000012219251,"op":60.0000024438501,"st":30.0000012219251,"bm":0,"completed":true},{"ddd":0,"ind":15,"ty":4,"nm":"y6","sr":1,"ks":{"o":{"a":0,"k":100,"ix":11},"r":{"a":0,"k":0,"ix":10},"p":{"a":0,"k":[256,256,0],"ix":2},"a":{"a":0,"k":[0,0,0],"ix":1},"s":{"a":0,"k":[100,100,100],"ix":6}},"ao":0,"shapes":[{"ty":"gr","it":[{"ind":0,"ty":"sh","ix":1,"ks":{"a":1,"k":[{"i":{"x":0.667,"y":1},"o":{"x":0.167,"y":0.167},"t":30,"s":[{"i":[[-5,-196],[-42.56,-144.038],[-68.22200000000001,25.303999999999995],[-32.894,156.49]],"o":[[-5,-196],[-66.022,-22.933],[-48.474000000000004,115.99799999999999],[132.792,422.094]],"v":[[-5,-196],[-58.1,-63.826],[-56.804,77.74],[-7,198]],"c":false}]},{"t":60.0000024438501,"s":[{"i":[[11,-194.5],[47,-141],[68,18.999999999999993],[38.5,144.5]],"o":[[11,-194.5],[66.682,-21.728],[48.221,114.073],[-131.675,418.97900000000004]],"v":[[11,-194.5],[59.9,-62.826],[56.196,75.74],[7.5,194.501]],"c":false}]}],"ix":2},"nm":"Path 1","mn":"ADBE Vector Shape - Group","hd":false,"_render":true},{"ty":"st","c":{"a":1,"k":[{"i":{"x":[0.667],"y":[1]},"o":{"x":[0.333],"y":[0]},"t":30,"s":[0,1,0.588235318661,1]},{"t":60.0000024438501,"s":[0,0.729411780834,1,1]}],"ix":3},"o":{"a":0,"k":100,"ix":4},"w":{"a":0,"k":32,"ix":5},"lc":1,"lj":1,"ml":4,"bm":0,"nm":"Stroke 1","mn":"ADBE Vector Graphic - Stroke","hd":false,"_render":true},{"ty":"tr","p":{"a":0,"k":[0,0],"ix":2},"a":{"a":0,"k":[0,0],"ix":1},"s":{"a":0,"k":[100,100],"ix":3},"r":{"a":0,"k":0,"ix":6},"o":{"a":0,"k":100,"ix":7},"sk":{"a":0,"k":0,"ix":4},"sa":{"a":0,"k":0,"ix":5},"nm":"Transform","_render":true}],"nm":"Shape 1","np":3,"cix":2,"bm":0,"ix":1,"mn":"ADBE Vector Group","hd":false,"_render":true}],"ip":30.0000012219251,"op":60.0000024438501,"st":30.0000012219251,"bm":0,"completed":true},{"ddd":0,"ind":16,"ty":4,"nm":"y5","sr":1,"ks":{"o":{"a":0,"k":100,"ix":11},"r":{"a":0,"k":0,"ix":10},"p":{"a":0,"k":[256,256,0],"ix":2},"a":{"a":0,"k":[0,0,0],"ix":1},"s":{"a":0,"k":[100,100,100],"ix":6}},"ao":0,"shapes":[{"ty":"gr","it":[{"ind":0,"ty":"sh","ix":1,"ks":{"a":1,"k":[{"i":{"x":0.667,"y":1},"o":{"x":0.167,"y":0.167},"t":30,"s":[{"i":[[8,-196.5],[46.361999999999995,-146.095],[68.523,23.86],[32.864000000000004,153.612]],"o":[[8,-196.5],[67.438,-24.001000000000005],[47.794999999999995,114.049],[-122.928,423.81399999999996]],"v":[[8,-196.5],[60.489,-64.257],[56.294,77.068],[9,195.001]],"c":false}]},{"t":60.0000024438501,"s":[{"i":[[9,-192.5],[124,-187],[198.5,0.5],[117,179]],"o":[[9,-192.5],[196.584,-36.309000000000005],[167.316,109.037],[-252.26999999999998,233.71]],"v":[[9,-192.5],[173.489,-84.257],[177.794,72.568],[9,195.001]],"c":false}]}],"ix":2},"nm":"Path 1","mn":"ADBE Vector Shape - Group","hd":false,"_render":true},{"ty":"st","c":{"a":1,"k":[{"i":{"x":[0.667],"y":[1]},"o":{"x":[0.333],"y":[0]},"t":30,"s":[0,1,0.588235318661,1]},{"t":60.0000024438501,"s":[0,0.729411780834,1,1]}],"ix":3},"o":{"a":0,"k":100,"ix":4},"w":{"a":0,"k":32,"ix":5},"lc":1,"lj":1,"ml":4,"bm":0,"nm":"Stroke 1","mn":"ADBE Vector Graphic - Stroke","hd":false,"_render":true},{"ty":"tr","p":{"a":0,"k":[0,0],"ix":2},"a":{"a":0,"k":[0,0],"ix":1},"s":{"a":0,"k":[100,100],"ix":3},"r":{"a":0,"k":0,"ix":6},"o":{"a":0,"k":100,"ix":7},"sk":{"a":0,"k":0,"ix":4},"sa":{"a":0,"k":0,"ix":5},"nm":"Transform","_render":true}],"nm":"Shape 1","np":3,"cix":2,"bm":0,"ix":1,"mn":"ADBE Vector Group","hd":false,"_render":true}],"ip":30.0000012219251,"op":60.0000024438501,"st":30.0000012219251,"bm":0,"completed":true},{"ddd":0,"ind":17,"ty":4,"nm":"y2","sr":1,"ks":{"o":{"a":0,"k":100,"ix":11},"r":{"a":0,"k":0,"ix":10},"p":{"a":0,"k":[256,256,0],"ix":2},"a":{"a":0,"k":[0,0,0],"ix":1},"s":{"a":0,"k":[100,100,100],"ix":6}},"ao":0,"shapes":[{"ty":"gr","it":[{"ind":0,"ty":"sh","ix":1,"ks":{"a":1,"k":[{"i":{"x":0.667,"y":1},"o":{"x":0.167,"y":0.167},"t":0,"s":[{"i":[[0,-192],[-108.99999999999999,-196],[-201,-22],[-136,185]],"o":[[0,-192],[-184.93099999999998,-65.013],[-178.711,82.794],[260.646,208.859]],"v":[[0,-192],[-164.063,-101.012],[-186.876,44.407],[-3,193]],"c":false}]},{"t":30.0000012219251,"s":[{"i":[[-8,-192],[-44,-142],[-67,28],[-33,162]],"o":[[-8,-192],[-68.562,-24.279000000000003],[-47.132999999999996,121.029],[68.439,266.82]],"v":[[-8,-192],[-60.063,-65.012],[-56.876,75.407],[-3,193]],"c":false}]}],"ix":2},"nm":"Path 1","mn":"ADBE Vector Shape - Group","hd":false,"_render":true},{"ty":"st","c":{"a":1,"k":[{"i":{"x":[0.667],"y":[1]},"o":{"x":[0.167],"y":[20.94]},"t":0,"s":[0,0.729411780834,1,1]},{"t":30.0000012219251,"s":[0,1,0.588235318661,1]}],"ix":3},"o":{"a":0,"k":100,"ix":4},"w":{"a":0,"k":32,"ix":5},"lc":1,"lj":1,"ml":4,"bm":0,"nm":"Stroke 1","mn":"ADBE Vector Graphic - Stroke","hd":false,"_render":true},{"ty":"tr","p":{"a":0,"k":[0,0],"ix":2},"a":{"a":0,"k":[0,0],"ix":1},"s":{"a":0,"k":[100,100],"ix":3},"r":{"a":0,"k":0,"ix":6},"o":{"a":0,"k":100,"ix":7},"sk":{"a":0,"k":0,"ix":4},"sa":{"a":0,"k":0,"ix":5},"nm":"Transform","_render":true}],"nm":"Shape 1","np":3,"cix":2,"bm":0,"ix":1,"mn":"ADBE Vector Group","hd":false,"_render":true}],"ip":0,"op":30.0000012219251,"st":0,"bm":0,"completed":true},{"ddd":0,"ind":18,"ty":4,"nm":"y3","sr":1,"ks":{"o":{"a":0,"k":100,"ix":11},"r":{"a":0,"k":0,"ix":10},"p":{"a":0,"k":[256,256,0],"ix":2},"a":{"a":0,"k":[0,0,0],"ix":1},"s":{"a":0,"k":[100,100,100],"ix":6}},"ao":0,"shapes":[{"ty":"gr","it":[{"ind":0,"ty":"sh","ix":1,"ks":{"a":1,"k":[{"i":{"x":0.667,"y":1},"o":{"x":0.167,"y":0.167},"t":0,"s":[{"i":[[-5,-196],[-42.56,-144.038],[-68.22200000000001,25.303999999999995],[-32.894,156.49]],"o":[[-5,-196],[-66.022,-22.933],[-48.474000000000004,115.99799999999999],[132.792,422.094]],"v":[[-5,-196],[-58.1,-63.826],[-56.804,77.74],[-7,198]],"c":false}]},{"t":30.0000012219251,"s":[{"i":[[11,-194.5],[47,-141],[68,18.999999999999993],[38.5,144.5]],"o":[[11,-194.5],[66.682,-21.728],[48.221,114.073],[-131.675,418.97900000000004]],"v":[[11,-194.5],[59.9,-62.826],[56.196,75.74],[7.5,194.501]],"c":false}]}],"ix":2},"nm":"Path 1","mn":"ADBE Vector Shape - Group","hd":false,"_render":true},{"ty":"st","c":{"a":1,"k":[{"i":{"x":[0.667],"y":[1]},"o":{"x":[0.167],"y":[20.94]},"t":0,"s":[0,0.729411780834,1,1]},{"t":30.0000012219251,"s":[0,1,0.588235318661,1]}],"ix":3},"o":{"a":0,"k":100,"ix":4},"w":{"a":0,"k":32,"ix":5},"lc":1,"lj":1,"ml":4,"bm":0,"nm":"Stroke 1","mn":"ADBE Vector Graphic - Stroke","hd":false,"_render":true},{"ty":"tr","p":{"a":0,"k":[0,0],"ix":2},"a":{"a":0,"k":[0,0],"ix":1},"s":{"a":0,"k":[100,100],"ix":3},"r":{"a":0,"k":0,"ix":6},"o":{"a":0,"k":100,"ix":7},"sk":{"a":0,"k":0,"ix":4},"sa":{"a":0,"k":0,"ix":5},"nm":"Transform","_render":true}],"nm":"Shape 1","np":3,"cix":2,"bm":0,"ix":1,"mn":"ADBE Vector Group","hd":false,"_render":true}],"ip":0,"op":30.0000012219251,"st":0,"bm":0,"completed":true},{"ddd":0,"ind":19,"ty":4,"nm":"y4","sr":1,"ks":{"o":{"a":0,"k":100,"ix":11},"r":{"a":0,"k":0,"ix":10},"p":{"a":0,"k":[256,256,0],"ix":2},"a":{"a":0,"k":[0,0,0],"ix":1},"s":{"a":0,"k":[100,100,100],"ix":6}},"ao":0,"shapes":[{"ty":"gr","it":[{"ind":0,"ty":"sh","ix":1,"ks":{"a":1,"k":[{"i":{"x":0.667,"y":1},"o":{"x":0.167,"y":0.167},"t":0,"s":[{"i":[[8,-196.5],[46.361999999999995,-146.095],[68.523,23.86],[32.864000000000004,153.612]],"o":[[8,-196.5],[67.438,-24.001000000000005],[47.794999999999995,114.049],[-122.928,423.81399999999996]],"v":[[8,-196.5],[60.489,-64.257],[56.294,77.068],[9,195.001]],"c":false}]},{"t":30.0000012219251,"s":[{"i":[[9,-192.5],[124,-187],[198.5,0.5],[117,179]],"o":[[9,-192.5],[196.584,-36.309000000000005],[167.316,109.037],[-252.26999999999998,233.71]],"v":[[9,-192.5],[173.489,-84.257],[177.794,72.568],[9,195.001]],"c":false}]}],"ix":2},"nm":"Path 1","mn":"ADBE Vector Shape - Group","hd":false,"_render":true},{"ty":"st","c":{"a":1,"k":[{"i":{"x":[0.667],"y":[1]},"o":{"x":[0.167],"y":[20.94]},"t":0,"s":[0,0.729411780834,1,1]},{"t":30.0000012219251,"s":[0,1,0.588235318661,1]}],"ix":3},"o":{"a":0,"k":100,"ix":4},"w":{"a":0,"k":32,"ix":5},"lc":1,"lj":1,"ml":4,"bm":0,"nm":"Stroke 1","mn":"ADBE Vector Graphic - Stroke","hd":false,"_render":true},{"ty":"tr","p":{"a":0,"k":[0,0],"ix":2},"a":{"a":0,"k":[0,0],"ix":1},"s":{"a":0,"k":[100,100],"ix":3},"r":{"a":0,"k":0,"ix":6},"o":{"a":0,"k":100,"ix":7},"sk":{"a":0,"k":0,"ix":4},"sa":{"a":0,"k":0,"ix":5},"nm":"Transform","_render":true}],"nm":"Shape 1","np":3,"cix":2,"bm":0,"ix":1,"mn":"ADBE Vector Group","hd":false,"_render":true}],"ip":0,"op":30.0000012219251,"st":0,"bm":0,"completed":true},{"ddd":0,"ind":20,"ty":4,"nm":"x2","sr":1,"ks":{"o":{"a":0,"k":100,"ix":11},"r":{"a":0,"k":0,"ix":10},"p":{"a":0,"k":[256.25,310.75,0],"ix":2},"a":{"a":0,"k":[0.25,-78.25,0],"ix":1},"s":{"a":0,"k":[100,100,100],"ix":6}},"ao":0,"shapes":[{"ty":"gr","it":[{"ind":0,"ty":"sh","ix":1,"ks":{"a":0,"k":{"i":[[-188.5,-97.5],[-122,-54.5],[189,-97]],"o":[[-188.5,-97.5],[120,-54.5],[189,-97]],"v":[[-188.5,-97.5],[-1,-54.5],[189,-97]],"c":false},"ix":2},"nm":"Path 1","mn":"ADBE Vector Shape - Group","hd":false,"_render":true},{"ty":"st","c":{"a":1,"k":[{"i":{"x":[0.667],"y":[1]},"o":{"x":[0.167],"y":[20.94]},"t":0,"s":[0,0.729411780834,1,1]},{"i":{"x":[0.667],"y":[1]},"o":{"x":[0.333],"y":[0]},"t":30,"s":[0,1,0.588235318661,1]},{"i":{"x":[0.667],"y":[1]},"o":{"x":[0.333],"y":[0]},"t":60,"s":[0,0.729411780834,1,1]},{"i":{"x":[0.667],"y":[1]},"o":{"x":[0.333],"y":[0]},"t":90,"s":[0,1,0.588235318661,1]},{"i":{"x":[0.667],"y":[1]},"o":{"x":[0.333],"y":[0]},"t":119,"s":[0,0.729411780834,1,1]},{"i":{"x":[0.667],"y":[1]},"o":{"x":[0.333],"y":[0]},"t":150,"s":[0,1,0.588235318661,1]},{"t":180.00000733155,"s":[0,0.729411780834,1,1]}],"ix":3},"o":{"a":0,"k":100,"ix":4},"w":{"a":0,"k":32,"ix":5},"lc":1,"lj":1,"ml":4,"bm":0,"nm":"Stroke 1","mn":"ADBE Vector Graphic - Stroke","hd":false,"_render":true},{"ty":"tr","p":{"a":0,"k":[0,0],"ix":2},"a":{"a":0,"k":[0,0],"ix":1},"s":{"a":0,"k":[100,100],"ix":3},"r":{"a":0,"k":0,"ix":6},"o":{"a":0,"k":100,"ix":7},"sk":{"a":0,"k":0,"ix":4},"sa":{"a":0,"k":0,"ix":5},"nm":"Transform","_render":true}],"nm":"Shape 1","np":3,"cix":2,"bm":0,"ix":1,"mn":"ADBE Vector Group","hd":false,"_render":true}],"ip":0,"op":300.00001221925,"st":0,"bm":0,"completed":true},{"ddd":0,"ind":21,"ty":4,"nm":"x1","sr":1,"ks":{"o":{"a":0,"k":100,"ix":11},"r":{"a":0,"k":0,"ix":10},"p":{"a":0,"k":[256.25,177.75,0],"ix":2},"a":{"a":0,"k":[0.25,-78.25,0],"ix":1},"s":{"a":0,"k":[100,100,100],"ix":6}},"ao":0,"shapes":[{"ty":"gr","it":[{"ind":0,"ty":"sh","ix":1,"ks":{"a":0,"k":{"i":[[-170.5,-97.5],[-122,-59],[171,-97]],"o":[[-170.5,-97.5],[120,-59],[171,-97]],"v":[[-170.5,-97.5],[-1,-59],[171,-97]],"c":false},"ix":2},"nm":"Path 1","mn":"ADBE Vector Shape - Group","hd":false,"_render":true},{"ty":"st","c":{"a":1,"k":[{"i":{"x":[0.667],"y":[1]},"o":{"x":[0.167],"y":[20.976]},"t":0,"s":[0,0.727888762951,1,1]},{"i":{"x":[0.667],"y":[1]},"o":{"x":[0.333],"y":[0]},"t":30,"s":[0,1,0.588235318661,1]},{"i":{"x":[0.667],"y":[1]},"o":{"x":[0.333],"y":[0]},"t":60,"s":[0,0.729411780834,1,1]},{"i":{"x":[0.667],"y":[1]},"o":{"x":[0.333],"y":[0]},"t":90,"s":[0,1,0.588235318661,1]},{"i":{"x":[0.667],"y":[1]},"o":{"x":[0.333],"y":[0]},"t":120,"s":[0,0.729411780834,1,1]},{"i":{"x":[0.667],"y":[1]},"o":{"x":[0.333],"y":[0]},"t":150,"s":[0,1,0.588235318661,1]},{"t":180.00000733155,"s":[0,0.729411780834,1,1]}],"ix":3},"o":{"a":0,"k":100,"ix":4},"w":{"a":0,"k":32,"ix":5},"lc":1,"lj":1,"ml":4,"bm":0,"nm":"Stroke 1","mn":"ADBE Vector Graphic - Stroke","hd":false,"_render":true},{"ty":"tr","p":{"a":0,"k":[0,0],"ix":2},"a":{"a":0,"k":[0,0],"ix":1},"s":{"a":0,"k":[100,100],"ix":3},"r":{"a":0,"k":0,"ix":6},"o":{"a":0,"k":100,"ix":7},"sk":{"a":0,"k":0,"ix":4},"sa":{"a":0,"k":0,"ix":5},"nm":"Transform","_render":true}],"nm":"Shape 1","np":3,"cix":2,"bm":0,"ix":1,"mn":"ADBE Vector Group","hd":false,"_render":true}],"ip":0,"op":300.00001221925,"st":0,"bm":0,"completed":true},{"ddd":0,"ind":22,"ty":4,"nm":"Circle","sr":1,"ks":{"o":{"a":0,"k":100,"ix":11},"r":{"a":0,"k":0,"ix":10},"p":{"a":0,"k":[256,256,0],"ix":2},"a":{"a":0,"k":[22.207,6.207,0],"ix":1},"s":{"a":0,"k":[100,100,100],"ix":6}},"ao":0,"shapes":[{"ty":"gr","it":[{"d":1,"ty":"el","s":{"a":0,"k":[385,385],"ix":2},"p":{"a":0,"k":[0,0],"ix":3},"nm":"Ellipse Path 1","mn":"ADBE Vector Shape - Ellipse","hd":false,"_render":true},{"ty":"st","c":{"a":1,"k":[{"i":{"x":[0.667],"y":[1]},"o":{"x":[0.167],"y":[20.911]},"t":0,"s":[0,0.729411780834,1,1]},{"i":{"x":[0.667],"y":[1]},"o":{"x":[0.333],"y":[0]},"t":30,"s":[0,1,0.589055359364,1]},{"i":{"x":[0.667],"y":[1]},"o":{"x":[0.333],"y":[0]},"t":60,"s":[0,0.729411780834,1,1]},{"i":{"x":[0.667],"y":[1]},"o":{"x":[0.333],"y":[0]},"t":90,"s":[0,1,0.589055359364,1]},{"i":{"x":[0.667],"y":[1]},"o":{"x":[0.333],"y":[0]},"t":120,"s":[0,0.729411780834,1,1]},{"i":{"x":[0.667],"y":[1]},"o":{"x":[0.333],"y":[0]},"t":150,"s":[0,1,0.589055359364,1]},{"t":180.00000733155,"s":[0,0.729411780834,1,1]}],"ix":3},"o":{"a":0,"k":100,"ix":4},"w":{"a":0,"k":32,"ix":5},"lc":1,"lj":1,"ml":4,"bm":0,"nm":"Stroke 1","mn":"ADBE Vector Graphic - Stroke","hd":false,"_render":true},{"ty":"tr","p":{"a":0,"k":[22.207,6.207],"ix":2},"a":{"a":0,"k":[0,0],"ix":1},"s":{"a":0,"k":[100,100],"ix":3},"r":{"a":0,"k":0,"ix":6},"o":{"a":0,"k":100,"ix":7},"sk":{"a":0,"k":0,"ix":4},"sa":{"a":0,"k":0,"ix":5},"nm":"Transform","_render":true}],"nm":"Ellipse 1","np":3,"cix":2,"bm":0,"ix":1,"mn":"ADBE Vector Group","hd":false,"_render":true}],"ip":0,"op":300.00001221925,"st":0,"bm":0,"completed":true}],"markers":[],"__complete":true}