{"v":"5.12.1","fr":30,"ip":0,"op":361,"w":720,"h":720,"nm":"3D ssh-creative experiential icon","ddd":1,"assets":[],"layers":[{"ddd":1,"ind":1,"ty":3,"nm":"move all","sr":1,"ks":{"o":{"a":0,"k":0,"ix":11},"rx":{"a":0,"k":0,"ix":8},"ry":{"a":0,"k":0,"ix":9},"rz":{"a":0,"k":0,"ix":10},"or":{"a":1,"k":[{"i":{"x":0.667,"y":1},"o":{"x":0.333,"y":0},"t":270,"s":[30,45,0],"to":[0,0,0],"ti":[45,0,0]},{"i":{"x":0.667,"y":1},"o":{"x":0.333,"y":0},"t":300,"s":[30,45,90],"to":[90,0,0],"ti":[0,0,0]},{"t":330,"s":[120,0,45]}],"ix":7},"p":{"a":0,"k":[360,360,0],"ix":2},"a":{"a":0,"k":[0,0,0],"ix":1},"s":{"a":0,"k":[100,100,100],"ix":6}},"ao":0,"ip":0,"op":900,"st":0,"bm":0},{"ddd":1,"ind":2,"ty":3,"nm":"centre 2","sr":1,"ks":{"o":{"a":0,"k":0,"ix":11},"rx":{"a":0,"k":0,"ix":8},"ry":{"a":0,"k":0,"ix":9},"rz":{"a":0,"k":0,"ix":10},"or":{"a":0,"k":[30,45,0],"ix":7},"p":{"a":1,"k":[{"i":{"x":0.667,"y":1},"o":{"x":0.333,"y":0},"t":0,"s":[360.002,354.712,-248.21],"to":[0,0,0],"ti":[0,0,0]},{"i":{"x":0.667,"y":1},"o":{"x":0.333,"y":0},"t":30,"s":[303.434,382.996,-297.2],"to":[0,0,0],"ti":[0,0,0]},{"i":{"x":0.667,"y":1},"o":{"x":0.333,"y":0},"t":60,"s":[360.002,354.712,-248.21],"to":[0,0,0],"ti":[0,0,0]},{"i":{"x":0.667,"y":1},"o":{"x":0.333,"y":0},"t":90,"s":[416.571,382.996,-297.2],"to":[0,0,0],"ti":[0,0,0]},{"i":{"x":0.667,"y":1},"o":{"x":0.333,"y":0},"t":120,"s":[360.002,354.712,-248.21],"to":[0,0,0],"ti":[0,0,0]},{"i":{"x":0.667,"y":1},"o":{"x":0.333,"y":0},"t":150,"s":[358.958,354.19,-247.306],"to":[0,0,0],"ti":[0,0,0]},{"i":{"x":0.667,"y":1},"o":{"x":0.333,"y":0},"t":180,"s":[408.456,378.939,-290.173],"to":[0,0,0],"ti":[0,0,0]},{"i":{"x":0.667,"y":1},"o":{"x":0.333,"y":0},"t":210,"s":[446.265,397.843,-322.916],"to":[0,0,0],"ti":[0,0,0]},{"i":{"x":0.667,"y":1},"o":{"x":0.333,"y":0},"t":240,"s":[360.002,354.712,-248.21],"to":[0,0,0],"ti":[0,0,0]},{"i":{"x":0.667,"y":0.667},"o":{"x":0.333,"y":0.333},"t":270,"s":[360.002,342.5,-255.261],"to":[0,0,0],"ti":[0,0,0]},{"i":{"x":0.667,"y":1},"o":{"x":0.333,"y":0},"t":330,"s":[360.002,342.5,-255.261],"to":[0,0,0],"ti":[0,0,0]},{"t":360,"s":[360.002,354.712,-248.21]}],"ix":2},"a":{"a":0,"k":[0,0,0],"ix":1},"s":{"a":1,"k":[{"i":{"x":[0.667,0.667,0.667],"y":[1,1,1]},"o":{"x":[0.333,0.333,0.333],"y":[0,0,0]},"t":240,"s":[100,100,100]},{"i":{"x":[0.667,0.667,0.667],"y":[1,1,1]},"o":{"x":[0.333,0.333,0.333],"y":[0,0,0]},"t":270,"s":[0,0,0]},{"i":{"x":[0.667,0.667,0.667],"y":[1,1,1]},"o":{"x":[0.333,0.333,0.333],"y":[0,0,0]},"t":330,"s":[0,0,0]},{"t":360,"s":[100,100,100]}],"ix":6}},"ao":0,"ip":0,"op":900,"st":0,"bm":0},{"ddd":1,"ind":3,"ty":4,"nm":"Control 2","parent":2,"sr":1,"ks":{"o":{"a":0,"k":100,"ix":11},"rx":{"a":0,"k":0,"ix":8},"ry":{"a":0,"k":0,"ix":9},"rz":{"a":0,"k":0,"ix":10},"or":{"a":0,"k":[270,0,0],"ix":7},"p":{"a":0,"k":[0,50,0],"ix":2},"a":{"a":0,"k":[-191.639,-67.193,0],"ix":1},"s":{"a":0,"k":[99,99,99],"ix":6}},"ao":0,"shapes":[{"ty":"gr","it":[{"ind":0,"ty":"sh","ix":1,"ks":{"a":1,"k":[{"i":{"x":0.667,"y":1},"o":{"x":0.333,"y":0},"t":0,"s":[{"i":[[0,-1.105],[0,0],[1.105,0],[0,0],[0,1.105],[0,0],[-1.105,0],[0,0]],"o":[[0,0],[0,1.105],[0,0],[-1.105,0],[0,0],[0,-1.105],[0,0],[1.105,0]],"v":[[50,-48],[50,48],[48,50],[-48,50],[-50,48],[-50,-48],[-48,-50],[48,-50]],"c":true}]},{"i":{"x":0.667,"y":1},"o":{"x":0.333,"y":0},"t":30,"s":[{"i":[[0,-1.105],[0,0],[1.105,0],[0,0],[0,1.105],[0,0],[-1.105,0],[0,0]],"o":[[0,0],[0,1.105],[0,0],[-1.105,0],[0,0],[0,-1.105],[0,0],[1.105,0]],"v":[[50,-48],[50.321,-32.966],[48.321,-30.966],[-47.679,-30.966],[-49.679,-32.966],[-50,-48],[-48,-50],[48,-50]],"c":true}]},{"i":{"x":0.667,"y":1},"o":{"x":0.333,"y":0},"t":60,"s":[{"i":[[0,-1.105],[0,0],[1.105,0],[0,0],[0,1.105],[0,0],[-1.105,0],[0,0]],"o":[[0,0],[0,1.105],[0,0],[-1.105,0],[0,0],[0,-1.105],[0,0],[1.105,0]],"v":[[50,-48],[50,48],[48,50],[-48,50],[-50,48],[-50,-48],[-48,-50],[48,-50]],"c":true}]},{"i":{"x":0.667,"y":1},"o":{"x":0.333,"y":0},"t":90,"s":[{"i":[[0,-1.105],[0,0],[1.105,0],[0,0],[0,1.105],[0,0],[-1.105,0],[0,0]],"o":[[0,0],[0,1.105],[0,0],[-1.105,0],[0,0],[0,-1.105],[0,0],[1.105,0]],"v":[[-30.97,-48.985],[-30.97,47.015],[-32.97,49.015],[-48,50],[-50,48],[-50,-48],[-48,-50],[-32.97,-50.985]],"c":true}]},{"i":{"x":0.667,"y":1},"o":{"x":0.333,"y":0},"t":120,"s":[{"i":[[0,-1.105],[0,0],[1.105,0],[0,0],[0,1.105],[0,0],[-1.105,0],[0,0]],"o":[[0,0],[0,1.105],[0,0],[-1.105,0],[0,0],[0,-1.105],[0,0],[1.105,0]],"v":[[50,-48],[50,48],[48,50],[-48,50],[-50,48],[-50,-48],[-48,-50],[48,-50]],"c":true}]},{"i":{"x":0.667,"y":1},"o":{"x":0.333,"y":0},"t":150,"s":[{"i":[[0,-1.105],[0,0],[1.105,0],[0,0],[0,1.105],[0,0],[-1.105,0],[0,0]],"o":[[0,0],[0,1.105],[0,0],[-1.105,0],[0,0],[0,-1.105],[0,0],[1.105,0]],"v":[[-20.254,-48.228],[-20.254,47.772],[-22.254,49.772],[-48,50],[-50,48],[-50,-48],[-48,-50],[-22.254,-50.228]],"c":true}]},{"i":{"x":0.667,"y":1},"o":{"x":0.333,"y":0},"t":210,"s":[{"i":[[0,-1.105],[0,0],[1.105,0],[0,0],[0,1.105],[0,0],[-1.105,0],[0,0]],"o":[[0,0],[0,1.105],[0,0],[-1.105,0],[0,0],[0,-1.105],[0,0],[1.105,0]],"v":[[-20.254,-48.228],[-20.254,47.772],[-22.254,49.772],[-48,50],[-50,48],[-50,-48],[-48,-50],[-22.254,-50.228]],"c":true}]},{"i":{"x":0.667,"y":1},"o":{"x":0.333,"y":0},"t":240,"s":[{"i":[[0,-1.105],[0,0],[1.105,0],[0,0],[0,1.105],[0,0],[-1.105,0],[0,0]],"o":[[0,0],[0,1.105],[0,0],[-1.105,0],[0,0],[0,-1.105],[0,0],[1.105,0]],"v":[[50,-48],[50,48],[48,50],[-48,50],[-50,48],[-50,-48],[-48,-50],[48,-50]],"c":true}]},{"t":330,"s":[{"i":[[0,-1.105],[0,0],[1.105,0],[0,0],[0,1.105],[0,0],[-1.105,0],[0,0]],"o":[[0,0],[0,1.105],[0,0],[-1.105,0],[0,0],[0,-1.105],[0,0],[1.105,0]],"v":[[50,-48],[50,48],[48,50],[-48,50],[-50,48],[-50,-48],[-48,-50],[48,-50]],"c":true}]}],"ix":2},"nm":"Path 1","mn":"ADBE Vector Shape - Group","hd":false},{"ty":"st","c":{"a":0,"k":[0,0,0,1],"ix":3},"o":{"a":0,"k":100,"ix":4},"w":{"a":1,"k":[{"i":{"x":[0.667],"y":[1]},"o":{"x":[0.333],"y":[0]},"t":240,"s":[9]},{"i":{"x":[0.667],"y":[1]},"o":{"x":[0.333],"y":[0]},"t":265,"s":[27]},{"i":{"x":[0.667],"y":[1]},"o":{"x":[0.333],"y":[0]},"t":270,"s":[81]},{"i":{"x":[0.667],"y":[1]},"o":{"x":[0.333],"y":[0]},"t":330,"s":[81]},{"i":{"x":[0.667],"y":[1]},"o":{"x":[0.333],"y":[0]},"t":335,"s":[27]},{"t":360,"s":[9]}],"ix":5},"lc":1,"lj":1,"ml":4,"bm":0,"nm":"Stroke 1","mn":"ADBE Vector Graphic - Stroke","hd":false},{"ty":"fl","c":{"a":0,"k":[1,1,1,1],"ix":4},"o":{"a":0,"k":100,"ix":5},"r":1,"bm":0,"nm":"Fill 1","mn":"ADBE Vector Graphic - Fill","hd":false},{"ty":"tr","p":{"a":0,"k":[-191.639,-67.193],"ix":2},"a":{"a":0,"k":[0,0],"ix":1},"s":{"a":0,"k":[100,100],"ix":3},"r":{"a":0,"k":0,"ix":6},"o":{"a":0,"k":100,"ix":7},"sk":{"a":0,"k":0,"ix":4},"sa":{"a":0,"k":0,"ix":5},"nm":"Transform"}],"nm":"Rectangle 1","np":3,"cix":2,"bm":0,"ix":1,"mn":"ADBE Vector Group","hd":false}],"ip":0,"op":900,"st":0,"ct":1,"bm":0},{"ddd":1,"ind":4,"ty":4,"nm":"Shape Layer 7","parent":2,"sr":1,"ks":{"o":{"a":0,"k":100,"ix":11},"rx":{"a":0,"k":0,"ix":8},"ry":{"a":0,"k":0,"ix":9},"rz":{"a":0,"k":0,"ix":10},"or":{"a":0,"k":[0,270,0],"ix":7},"p":{"a":0,"k":[-50,0,0],"ix":2},"a":{"a":0,"k":[-191.639,-67.193,0],"ix":1},"s":{"a":0,"k":[99,99,99],"ix":6}},"ao":0,"shapes":[{"ty":"gr","it":[{"ind":0,"ty":"sh","ix":1,"ks":{"a":1,"k":[{"i":{"x":0.667,"y":1},"o":{"x":0.333,"y":0},"t":0,"s":[{"i":[[0,-1.105],[0,0],[1.105,0],[0,0],[0,1.105],[0,0],[-1.105,0],[0,0]],"o":[[0,0],[0,1.105],[0,0],[-1.105,0],[0,0],[0,-1.105],[0,0],[1.105,0]],"v":[[50,-48],[50,48],[48,50],[-48,50],[-50,48],[-50,-48],[-48,-50],[48,-50]],"c":true}]},{"i":{"x":0.667,"y":1},"o":{"x":0.333,"y":0},"t":30,"s":[{"i":[[0,-1.105],[0,0],[1.105,0],[0,0],[0,1.105],[0,0],[-1.105,0],[0,0]],"o":[[0,0],[0,1.105],[0,0],[-1.105,0],[0,0],[0,-1.105],[0,0],[1.105,0]],"v":[[50,-48],[50,48],[48,50],[33.535,50.655],[31.535,48.655],[31.535,-47.345],[33.535,-49.345],[48,-50]],"c":true}]},{"i":{"x":0.667,"y":1},"o":{"x":0.333,"y":0},"t":60,"s":[{"i":[[0,-1.105],[0,0],[1.105,0],[0,0],[0,1.105],[0,0],[-1.105,0],[0,0]],"o":[[0,0],[0,1.105],[0,0],[-1.105,0],[0,0],[0,-1.105],[0,0],[1.105,0]],"v":[[50,-48],[50,48],[48,50],[-48,50],[-50,48],[-50,-48],[-48,-50],[48,-50]],"c":true}]},{"i":{"x":0.667,"y":1},"o":{"x":0.333,"y":0},"t":120,"s":[{"i":[[0,-1.105],[0,0],[1.105,0],[0,0],[0,1.105],[0,0],[-1.105,0],[0,0]],"o":[[0,0],[0,1.105],[0,0],[-1.105,0],[0,0],[0,-1.105],[0,0],[1.105,0]],"v":[[50,-48],[50,48],[48,50],[-48,50],[-50,48],[-50,-48],[-48,-50],[48,-50]],"c":true}]},{"i":{"x":0.667,"y":1},"o":{"x":0.333,"y":0},"t":210,"s":[{"i":[[0,-1.105],[0,0],[1.105,0],[0,0],[0,1.105],[0,0],[-1.105,0],[0,0]],"o":[[0,0],[0,1.105],[0,0],[-1.105,0],[0,0],[0,-1.105],[0,0],[1.105,0]],"v":[[50,-48],[50,48],[48,50],[-48,50],[-50,48],[-50,-48],[-48,-50],[48,-50]],"c":true}]},{"i":{"x":0.667,"y":1},"o":{"x":0.333,"y":0},"t":240,"s":[{"i":[[0,-1.105],[0,0],[1.105,0],[0,0],[0,1.105],[0,0],[-1.105,0],[0,0]],"o":[[0,0],[0,1.105],[0,0],[-1.105,0],[0,0],[0,-1.105],[0,0],[1.105,0]],"v":[[50,-48],[50,48],[48,50],[-48,50],[-50,48],[-50,-48],[-48,-50],[48,-50]],"c":true}]},{"t":330,"s":[{"i":[[0,-1.105],[0,0],[1.105,0],[0,0],[0,1.105],[0,0],[-1.105,0],[0,0]],"o":[[0,0],[0,1.105],[0,0],[-1.105,0],[0,0],[0,-1.105],[0,0],[1.105,0]],"v":[[50,-48],[50,48],[48,50],[-48,50],[-50,48],[-50,-48],[-48,-50],[48,-50]],"c":true}]}],"ix":2},"nm":"Path 1","mn":"ADBE Vector Shape - Group","hd":false},{"ty":"st","c":{"a":0,"k":[0,0,0,1],"ix":3},"o":{"a":0,"k":100,"ix":4},"w":{"a":1,"k":[{"i":{"x":[0.667],"y":[1]},"o":{"x":[0.333],"y":[0]},"t":240,"s":[9]},{"i":{"x":[0.667],"y":[1]},"o":{"x":[0.333],"y":[0]},"t":265,"s":[27]},{"i":{"x":[0.667],"y":[1]},"o":{"x":[0.333],"y":[0]},"t":330,"s":[27]},{"t":355,"s":[9]}],"ix":5},"lc":1,"lj":1,"ml":4,"bm":0,"nm":"Stroke 1","mn":"ADBE Vector Graphic - Stroke","hd":false},{"ty":"fl","c":{"a":0,"k":[1,1,1,1],"ix":4},"o":{"a":0,"k":100,"ix":5},"r":1,"bm":0,"nm":"Fill 1","mn":"ADBE Vector Graphic - Fill","hd":false},{"ty":"tr","p":{"a":0,"k":[-191.639,-67.193],"ix":2},"a":{"a":0,"k":[0,0],"ix":1},"s":{"a":0,"k":[100,100],"ix":3},"r":{"a":0,"k":0,"ix":6},"o":{"a":0,"k":100,"ix":7},"sk":{"a":0,"k":0,"ix":4},"sa":{"a":0,"k":0,"ix":5},"nm":"Transform"}],"nm":"Rectangle 1","np":3,"cix":2,"bm":0,"ix":1,"mn":"ADBE Vector Group","hd":false}],"ip":0,"op":900,"st":0,"ct":1,"bm":0},{"ddd":1,"ind":5,"ty":4,"nm":"Shape Layer 6","parent":2,"sr":1,"ks":{"o":{"a":0,"k":100,"ix":11},"rx":{"a":0,"k":0,"ix":8},"ry":{"a":0,"k":0,"ix":9},"rz":{"a":0,"k":0,"ix":10},"or":{"a":0,"k":[0,0,0],"ix":7},"p":{"a":0,"k":[0,0,50],"ix":2},"a":{"a":0,"k":[-191.639,-67.193,0],"ix":1},"s":{"a":0,"k":[99,99,99],"ix":6}},"ao":0,"shapes":[{"ty":"gr","it":[{"ind":0,"ty":"sh","ix":1,"ks":{"a":1,"k":[{"i":{"x":0.667,"y":1},"o":{"x":0.333,"y":0},"t":60,"s":[{"i":[[0,-1.105],[0,0],[1.105,0],[0,0],[0,1.105],[0,0],[-1.105,0],[0,0]],"o":[[0,0],[0,1.105],[0,0],[-1.105,0],[0,0],[0,-1.105],[0,0],[1.105,0]],"v":[[50,-48],[50,48],[48,50],[-48,50],[-50,48],[-50,-48],[-48,-50],[48,-50]],"c":true}]},{"i":{"x":0.667,"y":1},"o":{"x":0.333,"y":0},"t":90,"s":[{"i":[[0,-1.105],[0,0],[1.105,0],[0,0],[0,1.105],[0,0],[-1.105,0],[0,0]],"o":[[0,0],[0,1.105],[0,0],[-1.105,0],[0,0],[0,-1.105],[0,0],[1.105,0]],"v":[[-30.504,-48.362],[-30.504,47.638],[-32.504,49.638],[-48,50],[-50,48],[-50,-48],[-48,-50],[-32.504,-50.362]],"c":true}]},{"i":{"x":0.667,"y":1},"o":{"x":0.333,"y":0},"t":120,"s":[{"i":[[0,-1.105],[0,0],[1.105,0],[0,0],[0,1.105],[0,0],[-1.105,0],[0,0]],"o":[[0,0],[0,1.105],[0,0],[-1.105,0],[0,0],[0,-1.105],[0,0],[1.105,0]],"v":[[50,-48],[50,48],[48,50],[-48,50],[-50,48],[-50,-48],[-48,-50],[48,-50]],"c":true}]},{"i":{"x":0.667,"y":1},"o":{"x":0.333,"y":0},"t":150,"s":[{"i":[[0,-1.105],[0,0],[1.105,0],[0,0],[0,1.105],[0,0],[-1.105,0],[0,0]],"o":[[0,0],[0,1.105],[0,0],[-1.105,0],[0,0],[0,-1.105],[0,0],[1.105,0]],"v":[[-20.54,-47.67],[-20.54,48.33],[-22.54,50.33],[-48,50],[-50,48],[-50,-48],[-48,-50],[-22.54,-49.67]],"c":true}]},{"i":{"x":0.667,"y":1},"o":{"x":0.333,"y":0},"t":210,"s":[{"i":[[0,-1.105],[0,0],[1.105,0],[0,0],[0,1.105],[0,0],[-1.105,0],[0,0]],"o":[[0,0],[0,1.105],[0,0],[-1.105,0],[0,0],[0,-1.105],[0,0],[1.105,0]],"v":[[-20.54,-47.67],[-20.54,48.33],[-22.54,50.33],[-48,50],[-50,48],[-50,-48],[-48,-50],[-22.54,-49.67]],"c":true}]},{"i":{"x":0.667,"y":1},"o":{"x":0.333,"y":0},"t":240,"s":[{"i":[[0,-1.105],[0,0],[1.105,0],[0,0],[0,1.105],[0,0],[-1.105,0],[0,0]],"o":[[0,0],[0,1.105],[0,0],[-1.105,0],[0,0],[0,-1.105],[0,0],[1.105,0]],"v":[[50,-48],[50,48],[48,50],[-48,50],[-50,48],[-50,-48],[-48,-50],[48,-50]],"c":true}]},{"t":330,"s":[{"i":[[0,-1.105],[0,0],[1.105,0],[0,0],[0,1.105],[0,0],[-1.105,0],[0,0]],"o":[[0,0],[0,1.105],[0,0],[-1.105,0],[0,0],[0,-1.105],[0,0],[1.105,0]],"v":[[50,-48],[50,48],[48,50],[-48,50],[-50,48],[-50,-48],[-48,-50],[48,-50]],"c":true}]}],"ix":2},"nm":"Path 1","mn":"ADBE Vector Shape - Group","hd":false},{"ty":"st","c":{"a":0,"k":[0,0,0,1],"ix":3},"o":{"a":0,"k":100,"ix":4},"w":{"a":1,"k":[{"i":{"x":[0.667],"y":[1]},"o":{"x":[0.333],"y":[0]},"t":240,"s":[9]},{"i":{"x":[0.667],"y":[1]},"o":{"x":[0.333],"y":[0]},"t":265,"s":[27]},{"i":{"x":[0.667],"y":[1]},"o":{"x":[0.333],"y":[0]},"t":330,"s":[27]},{"t":355,"s":[9]}],"ix":5},"lc":1,"lj":1,"ml":4,"bm":0,"nm":"Stroke 1","mn":"ADBE Vector Graphic - Stroke","hd":false},{"ty":"fl","c":{"a":0,"k":[1,1,1,1],"ix":4},"o":{"a":0,"k":100,"ix":5},"r":1,"bm":0,"nm":"Fill 1","mn":"ADBE Vector Graphic - Fill","hd":false},{"ty":"tr","p":{"a":0,"k":[-191.639,-67.193],"ix":2},"a":{"a":0,"k":[0,0],"ix":1},"s":{"a":0,"k":[100,100],"ix":3},"r":{"a":0,"k":0,"ix":6},"o":{"a":0,"k":100,"ix":7},"sk":{"a":0,"k":0,"ix":4},"sa":{"a":0,"k":0,"ix":5},"nm":"Transform"}],"nm":"Rectangle 1","np":3,"cix":2,"bm":0,"ix":1,"mn":"ADBE Vector Group","hd":false}],"ip":0,"op":900,"st":0,"ct":1,"bm":0},{"ddd":1,"ind":6,"ty":3,"nm":"centre","parent":1,"sr":1,"ks":{"o":{"a":0,"k":0,"ix":11},"rx":{"a":0,"k":0,"ix":8},"ry":{"a":0,"k":0,"ix":9},"rz":{"a":0,"k":0,"ix":10},"or":{"a":0,"k":[0,0,0],"ix":7},"p":{"a":1,"k":[{"i":{"x":0.667,"y":1},"o":{"x":0.333,"y":0},"t":120,"s":[0,0,0],"to":[0,0,0],"ti":[0,0,0]},{"i":{"x":0.667,"y":1},"o":{"x":0.333,"y":0},"t":150,"s":[-80,0,0],"to":[0,0,0],"ti":[0,0,0]},{"i":{"x":0.667,"y":1},"o":{"x":0.333,"y":0},"t":180,"s":[0,0,0],"to":[0,0,0],"ti":[0,0,0]},{"i":{"x":0.667,"y":1},"o":{"x":0.333,"y":0},"t":210,"s":[60,0,0],"to":[0,0,0],"ti":[0,0,0]},{"t":240,"s":[0,0,0]}],"ix":2},"a":{"a":0,"k":[0,0,0],"ix":1},"s":{"a":0,"k":[100,100,100],"ix":6}},"ao":0,"ip":0,"op":900,"st":0,"bm":0},{"ddd":1,"ind":7,"ty":4,"nm":"Shape Layer 5","parent":6,"sr":1,"ks":{"o":{"a":0,"k":100,"ix":11},"rx":{"a":0,"k":0,"ix":8},"ry":{"a":0,"k":0,"ix":9},"rz":{"a":0,"k":0,"ix":10},"or":{"a":0,"k":[0,90,270],"ix":7},"p":{"a":0,"k":[100,0,0],"ix":2},"a":{"a":0,"k":[-191.639,-67.193,0],"ix":1},"s":{"a":0,"k":[99,99,99],"ix":6}},"ao":0,"shapes":[{"ty":"gr","it":[{"ty":"rc","d":1,"s":{"a":0,"k":[200,200],"ix":2},"p":{"a":0,"k":[0,0],"ix":3},"r":{"a":0,"k":0,"ix":4,"x":"var $bm_rt;\n$bm_rt = thisComp.layer('Control').content('Rectangle 1').content('Rectangle Path 1').roundness;"},"nm":"Rectangle Path 1","mn":"ADBE Vector Shape - Rect","hd":false},{"ty":"st","c":{"a":0,"k":[0,0,0,1],"ix":3},"o":{"a":0,"k":100,"ix":4},"w":{"a":0,"k":9,"ix":5},"lc":1,"lj":1,"ml":4,"bm":0,"nm":"Stroke 1","mn":"ADBE Vector Graphic - Stroke","hd":false},{"ty":"fl","c":{"a":0,"k":[1,1,1,1],"ix":4},"o":{"a":0,"k":100,"ix":5},"r":1,"bm":0,"nm":"Fill 1","mn":"ADBE Vector Graphic - Fill","hd":false},{"ty":"tr","p":{"a":0,"k":[-191.639,-67.193],"ix":2},"a":{"a":0,"k":[0,0],"ix":1},"s":{"a":0,"k":[100,100],"ix":3},"r":{"a":0,"k":0,"ix":6},"o":{"a":0,"k":100,"ix":7},"sk":{"a":0,"k":0,"ix":4},"sa":{"a":0,"k":0,"ix":5},"nm":"Transform"}],"nm":"Rectangle 1","np":3,"cix":2,"bm":0,"ix":1,"mn":"ADBE Vector Group","hd":false}],"ip":0,"op":287,"st":0,"ct":1,"bm":0},{"ddd":1,"ind":8,"ty":4,"nm":"Shape Layer 4","parent":6,"sr":1,"ks":{"o":{"a":0,"k":100,"ix":11},"rx":{"a":0,"k":0,"ix":8},"ry":{"a":0,"k":0,"ix":9},"rz":{"a":0,"k":0,"ix":10},"or":{"a":0,"k":[90,0,180],"ix":7},"p":{"a":0,"k":[0,-100,0],"ix":2},"a":{"a":0,"k":[-191.639,-67.193,0],"ix":1},"s":{"a":0,"k":[99,99,99],"ix":6}},"ao":0,"shapes":[{"ty":"gr","it":[{"ty":"rc","d":1,"s":{"a":0,"k":[200,200],"ix":2},"p":{"a":0,"k":[0,0],"ix":3},"r":{"a":0,"k":0,"ix":4,"x":"var $bm_rt;\n$bm_rt = thisComp.layer('Control').content('Rectangle 1').content('Rectangle Path 1').roundness;"},"nm":"Rectangle Path 1","mn":"ADBE Vector Shape - Rect","hd":false},{"ty":"st","c":{"a":0,"k":[0,0,0,1],"ix":3},"o":{"a":0,"k":100,"ix":4},"w":{"a":0,"k":9,"ix":5},"lc":1,"lj":1,"ml":4,"bm":0,"nm":"Stroke 1","mn":"ADBE Vector Graphic - Stroke","hd":false},{"ty":"fl","c":{"a":0,"k":[1,1,1,1],"ix":4},"o":{"a":0,"k":100,"ix":5},"r":1,"bm":0,"nm":"Fill 1","mn":"ADBE Vector Graphic - Fill","hd":false},{"ty":"tr","p":{"a":0,"k":[-191.639,-67.193],"ix":2},"a":{"a":0,"k":[0,0],"ix":1},"s":{"a":0,"k":[100,100],"ix":3},"r":{"a":0,"k":0,"ix":6},"o":{"a":0,"k":100,"ix":7},"sk":{"a":0,"k":0,"ix":4},"sa":{"a":0,"k":0,"ix":5},"nm":"Transform"}],"nm":"Rectangle 1","np":3,"cix":2,"bm":0,"ix":1,"mn":"ADBE Vector Group","hd":false}],"ip":0,"op":900,"st":0,"ct":1,"bm":0},{"ddd":1,"ind":9,"ty":4,"nm":"Shape Layer 3","parent":6,"sr":1,"ks":{"o":{"a":0,"k":100,"ix":11},"rx":{"a":0,"k":0,"ix":8},"ry":{"a":0,"k":0,"ix":9},"rz":{"a":0,"k":0,"ix":10},"or":{"a":0,"k":[180,0,180],"ix":7},"p":{"a":0,"k":[0,0,-100],"ix":2},"a":{"a":0,"k":[-191.639,-67.193,0],"ix":1},"s":{"a":0,"k":[99,99,99],"ix":6}},"ao":0,"shapes":[{"ty":"gr","it":[{"ty":"rc","d":1,"s":{"a":0,"k":[200,200],"ix":2},"p":{"a":0,"k":[0,0],"ix":3},"r":{"a":0,"k":0,"ix":4,"x":"var $bm_rt;\n$bm_rt = thisComp.layer('Control').content('Rectangle 1').content('Rectangle Path 1').roundness;"},"nm":"Rectangle Path 1","mn":"ADBE Vector Shape - Rect","hd":false},{"ty":"st","c":{"a":0,"k":[0,0,0,1],"ix":3},"o":{"a":0,"k":100,"ix":4},"w":{"a":0,"k":9,"ix":5},"lc":1,"lj":1,"ml":4,"bm":0,"nm":"Stroke 1","mn":"ADBE Vector Graphic - Stroke","hd":false},{"ty":"fl","c":{"a":0,"k":[1,1,1,1],"ix":4},"o":{"a":0,"k":100,"ix":5},"r":1,"bm":0,"nm":"Fill 1","mn":"ADBE Vector Graphic - Fill","hd":false},{"ty":"tr","p":{"a":0,"k":[-191.639,-67.193],"ix":2},"a":{"a":0,"k":[0,0],"ix":1},"s":{"a":0,"k":[100,100],"ix":3},"r":{"a":0,"k":0,"ix":6},"o":{"a":0,"k":100,"ix":7},"sk":{"a":0,"k":0,"ix":4},"sa":{"a":0,"k":0,"ix":5},"nm":"Transform"}],"nm":"Rectangle 1","np":3,"cix":2,"bm":0,"ix":1,"mn":"ADBE Vector Group","hd":false}],"ip":0,"op":316,"st":0,"ct":1,"bm":0},{"ddd":1,"ind":11,"ty":4,"nm":"Shape Layer 2","parent":6,"sr":1,"ks":{"o":{"a":0,"k":100,"ix":11},"rx":{"a":0,"k":0,"ix":8},"ry":{"a":0,"k":0,"ix":9},"rz":{"a":0,"k":0,"ix":10},"or":{"a":0,"k":[0,270,0],"ix":7},"p":{"a":0,"k":[-100,0,0],"ix":2},"a":{"a":0,"k":[-191.639,-67.193,0],"ix":1},"s":{"a":0,"k":[99,99,99],"ix":6}},"ao":0,"shapes":[{"ty":"gr","it":[{"ty":"rc","d":1,"s":{"a":0,"k":[200,200],"ix":2},"p":{"a":0,"k":[0,0],"ix":3},"r":{"a":0,"k":0,"ix":4,"x":"var $bm_rt;\n$bm_rt = thisComp.layer('Control').content('Rectangle 1').content('Rectangle Path 1').roundness;"},"nm":"Rectangle Path 1","mn":"ADBE Vector Shape - Rect","hd":false},{"ty":"st","c":{"a":0,"k":[0,0,0,1],"ix":3},"o":{"a":0,"k":100,"ix":4},"w":{"a":0,"k":9,"ix":5},"lc":1,"lj":1,"ml":4,"bm":0,"nm":"Stroke 1","mn":"ADBE Vector Graphic - Stroke","hd":false},{"ty":"fl","c":{"a":0,"k":[1,1,1,1],"ix":4},"o":{"a":0,"k":100,"ix":5},"r":1,"bm":0,"nm":"Fill 1","mn":"ADBE Vector Graphic - Fill","hd":false},{"ty":"tr","p":{"a":0,"k":[-191.639,-67.193],"ix":2},"a":{"a":0,"k":[0,0],"ix":1},"s":{"a":0,"k":[100,100],"ix":3},"r":{"a":0,"k":0,"ix":6},"o":{"a":0,"k":100,"ix":7},"sk":{"a":0,"k":0,"ix":4},"sa":{"a":0,"k":0,"ix":5},"nm":"Transform"}],"nm":"Rectangle 1","np":3,"cix":2,"bm":0,"ix":1,"mn":"ADBE Vector Group","hd":false}],"ip":287,"op":900,"st":0,"ct":1,"bm":0},{"ddd":1,"ind":12,"ty":4,"nm":"Shape Layer 8","parent":6,"sr":1,"ks":{"o":{"a":0,"k":100,"ix":11},"rx":{"a":0,"k":0,"ix":8},"ry":{"a":0,"k":0,"ix":9},"rz":{"a":0,"k":0,"ix":10},"or":{"a":0,"k":[0,0,0],"ix":7},"p":{"a":0,"k":[0,0,100],"ix":2},"a":{"a":0,"k":[-191.639,-67.193,0],"ix":1},"s":{"a":0,"k":[99,99,99],"ix":6}},"ao":0,"shapes":[{"ty":"gr","it":[{"ty":"rc","d":1,"s":{"a":0,"k":[200,200],"ix":2},"p":{"a":0,"k":[0,0],"ix":3},"r":{"a":0,"k":0,"ix":4,"x":"var $bm_rt;\n$bm_rt = thisComp.layer('Control').content('Rectangle 1').content('Rectangle Path 1').roundness;"},"nm":"Rectangle Path 1","mn":"ADBE Vector Shape - Rect","hd":false},{"ty":"st","c":{"a":0,"k":[0,0,0,1],"ix":3},"o":{"a":0,"k":100,"ix":4},"w":{"a":0,"k":9,"ix":5},"lc":1,"lj":1,"ml":4,"bm":0,"nm":"Stroke 1","mn":"ADBE Vector Graphic - Stroke","hd":false},{"ty":"fl","c":{"a":0,"k":[1,1,1,1],"ix":4},"o":{"a":0,"k":100,"ix":5},"r":1,"bm":0,"nm":"Fill 1","mn":"ADBE Vector Graphic - Fill","hd":false},{"ty":"tr","p":{"a":0,"k":[-191.639,-67.193],"ix":2},"a":{"a":0,"k":[0,0],"ix":1},"s":{"a":0,"k":[100,100],"ix":3},"r":{"a":0,"k":0,"ix":6},"o":{"a":0,"k":100,"ix":7},"sk":{"a":0,"k":0,"ix":4},"sa":{"a":0,"k":0,"ix":5},"nm":"Transform"}],"nm":"Rectangle 1","np":3,"cix":2,"bm":0,"ix":1,"mn":"ADBE Vector Group","hd":false}],"ip":317,"op":900,"st":0,"ct":1,"bm":0}],"markers":[],"props":{}}