{"v":"5.6.9","fr":25,"ip":0,"op":101,"w":48,"h":48,"nm":"Composição 1","ddd":0,"assets":[],"fonts":{"list":[{"origin":1,"fPath":"https://fonts.googleapis.com/css2?family=Montserrat:wght@600","fClass":"font-family: 'Montserrat', sans-serif;","fFamily":"Montserrat","fWeight":"600","fStyle":"SemiBold","fName":"Montserrat-SemiBold","ascent":74.1989135742188}]},"layers":[{"ddd":0,"ind":1,"ty":5,"nm":"0","sr":1,"ks":{"o":{"a":0,"k":100,"ix":11},"r":{"a":0,"k":0,"ix":10},"p":{"a":0,"k":[23.945,27.5,0],"ix":2},"a":{"a":0,"k":[0,0,0],"ix":1},"s":{"a":0,"k":[100,100,100],"ix":6}},"ao":0,"t":{"d":{"x":"var $bm_rt;\nvar beginCount, stopCount, beginTime, countDur;\nbeginCount = 0;\nstopCount = 99;\nbeginTime = 0;\ncountDur = 4;\n$bm_rt = $bm_sum($bm_sum('', Math.round(linear(time, beginTime, $bm_sum(beginTime, countDur), beginCount, stopCount))), '%');","k":[{"s":{"s":10,"f":"Montserrat-SemiBold","t":"0","j":2,"tr":0,"lh":12,"ls":0,"fc":[0.945,0.388,0.314]},"t":0}]},"p":{},"m":{"g":1,"a":{"a":0,"k":[0,0],"ix":2}},"a":[]},"ip":0,"op":101,"st":0,"bm":0},{"ddd":0,"ind":2,"ty":4,"nm":"Complete contornos","sr":1,"ks":{"o":{"a":0,"k":100,"ix":11},"r":{"a":0,"k":0,"ix":10},"p":{"a":0,"k":[24.125,24,0],"ix":2},"a":{"a":0,"k":[16,16,0],"ix":1},"s":{"a":0,"k":[125.781,125.781,100],"ix":6}},"ao":0,"shapes":[{"ty":"gr","it":[{"ind":0,"ty":"sh","ix":1,"ks":{"a":0,"k":{"i":[[0,0],[0,0],[0,0]],"o":[[0,0],[0,0],[0,0]],"v":[[5.25,-4.25],[-2.827,4.25],[-5.25,1.703]],"c":false},"ix":2},"nm":"Caminho 1","mn":"ADBE Vector Shape - Group","hd":false},{"ty":"st","c":{"a":0,"k":[1,1,1,1],"ix":3},"o":{"a":0,"k":100,"ix":4},"w":{"a":0,"k":3,"ix":5},"lc":2,"lj":2,"bm":0,"nm":"Traçado 1","mn":"ADBE Vector Graphic - Stroke","hd":false},{"ty":"tr","p":{"a":0,"k":[15.917,16.25],"ix":2},"a":{"a":0,"k":[0,0],"ix":1},"s":{"a":0,"k":[100,100],"ix":3},"r":{"a":0,"k":0,"ix":6},"o":{"a":0,"k":100,"ix":7},"sk":{"a":0,"k":0,"ix":4},"sa":{"a":0,"k":0,"ix":5},"nm":"Transformar"}],"nm":"Grupo 1","np":2,"cix":2,"bm":0,"ix":1,"mn":"ADBE Vector Group","hd":false},{"ty":"gr","it":[{"ind":0,"ty":"sh","ix":1,"ks":{"a":0,"k":{"i":[[-7.459,0.197],[-2.168,-7.283],[5.904,-3.789],[5.139,3.557],[-1.676,5.795]],"o":[[7.969,-0.211],[1.938,6.51],[-5.268,3.381],[-5.116,-3.539],[1.976,-6.832]],"v":[[-1.303,-15.995],[15.508,-3.068],[7.522,13.652],[-9.725,13.124],[-15.458,-2.247]],"c":true},"ix":2},"nm":"Caminho 1","mn":"ADBE Vector Shape - Group","hd":false},{"ty":"fl","c":{"a":0,"k":[0.322000002394,0.8,0.528999956916,1],"ix":4},"o":{"a":0,"k":100,"ix":5},"r":1,"bm":0,"nm":"Preenchimento 1","mn":"ADBE Vector Graphic - Fill","hd":false},{"ty":"tr","p":{"a":0,"k":[16,16],"ix":2},"a":{"a":0,"k":[0,0],"ix":1},"s":{"a":0,"k":[100,100],"ix":3},"r":{"a":0,"k":0,"ix":6},"o":{"a":0,"k":100,"ix":7},"sk":{"a":0,"k":0,"ix":4},"sa":{"a":0,"k":0,"ix":5},"nm":"Transformar"}],"nm":"Grupo 2","np":4,"cix":2,"bm":0,"ix":2,"mn":"ADBE Vector Group","hd":false}],"ip":101,"op":102,"st":2,"bm":0},{"ddd":0,"ind":3,"ty":4,"nm":"Vector contornos","sr":1,"ks":{"o":{"a":0,"k":100,"ix":11},"r":{"a":0,"k":-90,"ix":10},"p":{"a":0,"k":[24,24,0],"ix":2},"a":{"a":0,"k":[21,20,0],"ix":1},"s":{"a":0,"k":[100,100,100],"ix":6}},"ao":0,"shapes":[{"ty":"gr","it":[{"ind":0,"ty":"sh","ix":1,"ks":{"a":0,"k":{"i":[[2.3,7.725],[9.026,-0.239],[2.047,-7.077],[-5.777,-3.997],[-5.999,3.849]],"o":[[-2.38,-7.994],[-8.819,0.233],[-1.93,6.673],[5.752,3.981],[6.28,-4.031]],"v":[[17.217,-4.113],[-1.563,-18.469],[-17.587,-3.279],[-11.071,14.294],[8.395,14.859]],"c":true},"ix":2},"nm":"Caminho 1","mn":"ADBE Vector Shape - Group","hd":false},{"ty":"st","c":{"a":0,"k":[0.944999964097,0.388000009574,0.313999998803,1],"ix":3},"o":{"a":0,"k":100,"ix":4},"w":{"a":0,"k":4,"ix":5},"lc":2,"lj":2,"bm":0,"nm":"Traçado 1","mn":"ADBE Vector Graphic - Stroke","hd":false},{"ty":"tr","p":{"a":0,"k":[21.208,20.475],"ix":2},"a":{"a":0,"k":[0,0],"ix":1},"s":{"a":0,"k":[100,100],"ix":3},"r":{"a":0,"k":0,"ix":6},"o":{"a":0,"k":100,"ix":7},"sk":{"a":0,"k":0,"ix":4},"sa":{"a":0,"k":0,"ix":5},"nm":"Transformar"}],"nm":"Grupo 1","np":2,"cix":2,"bm":0,"ix":1,"mn":"ADBE Vector Group","hd":false},{"ty":"tm","s":{"a":0,"k":0,"ix":1},"e":{"a":1,"k":[{"i":{"x":[0.833],"y":[0.833]},"o":{"x":[0.167],"y":[0.167]},"t":0,"s":[0]},{"t":100,"s":[100]}],"ix":2},"o":{"a":0,"k":0,"ix":3},"m":1,"ix":2,"nm":"Aparar caminhos 1","mn":"ADBE Vector Filter - Trim","hd":false}],"ip":0,"op":101,"st":0,"bm":0}],"markers":[]}